Title,Published_date,Likes,Views
Lamborghini Vs Shredder,2023-09-02,3478712,60771412
"Make This Kick, Win Super Bowl Tickets",2023-08-25,1122307,19153956
Metal Pipe Vs. School Bus,2023-08-22,5473365,127143244
"Every Country On Earth Fights For $250,000!",2023-08-19,4997851,112630806
Can You Beat A Girl In Arm Wrestling?,2023-08-17,5950216,87973844
"$1 vs $250,000 Vacation!",2023-08-12,4844767,137489514
I Ate The World’s Most Poisonous Fish,2023-08-08,9394769,161529355
7 Days Stranded At Sea,2023-08-05,5608450,143962296
I Traded My Car At a Red Light,2023-07-15,10449811,185604434
Train Vs Giant Pit,2023-07-08,5551576,146615161
I Buried Treasure in the Bermuda Triangle,2023-07-06,9408928,126147902
"$1 vs $1,000,000,000 Yacht!",2023-06-10,5830737,218728158
Do Pawnshops Scam You?,2023-06-03,7430852,136843378
"Ages 1 - 100 Fight For $500,000",2023-05-27,5362881,218854590
"1,000 Deaf People Hear For The First Time",2023-05-06,4881815,113128685
Would You Pet a Cheetah in Africa?,2023-05-01,13403033,277389545
Tipping A Waitress A Car,2023-04-22,11710935,190842614
Would you go on a Blind Date in Italy?,2023-04-15,12417623,226425739
"$1 vs $500,000 Plane Ticket!",2023-04-01,6298065,243447580
I Sent a Subscriber to Disneyland,2023-03-30,17167827,292606504
I Paid A Real Assassin To Try To Kill Me,2023-03-18,5280123,196364907
Do Men Lie About Their Height?,2023-02-14,11660909,216307220
"1,000 Blind People See For The First Time",2023-01-28,9930701,157694878
I Survived 50 Hours In Antarctica,2022-12-24,4705801,143516275
Hydraulic Press Vs Lamborghini,2022-12-10,5392896,195920792
Would You Fly To Paris For A Baguette?,2022-12-08,39321592,909067505
"100 Kids Vs 100 Adults For $500,000",2022-12-03,3978690,190210080
Gordon Ramsay Tries Most Expensive Chocolate Bar!,2022-11-19,15775535,294783767
"Last To Take Hand Off Jet, Keeps It!",2022-11-12,3892405,135960264
Giving iPhones Instead Of Candy on Halloween,2022-11-02,28493876,852296838
"$1 vs $1,000,000 Hotel Room!",2022-10-22,6496627,289500533
"The Rock Vs MrBeast For $100,000",2022-10-21,23826129,379566456
"Survive 100 Days In Circle, Win $500,000",2022-09-24,5121583,241093126
I Hunted 100 People!,2022-09-03,3236200,122839128
I Survived A Plane Crash,2022-08-20,3621647,144617704
"I Gave My 100,000,000th Subscriber An Island",2022-08-04,6091625,173064365
"100 Boys Vs 100 Girls For $500,000",2022-07-23,4229831,165751982
I Didn’t Eat Food For 30 Days,2022-07-02,3634292,92775874
I Built Willy Wonka's Chocolate Factory!,2022-06-04,6032330,233304596
"$10,000 Every Day You Survive Prison",2022-04-09,4957767,184350488
"Would You Swim With Sharks For $100,000?",2022-03-19,3876291,158335289
World’s Most Dangerous Escape Room!,2022-01-29,5240395,229817393
"Extreme $1,000,000 Hide And Seek",2021-12-18,3538991,94962036
"$1,000,000 Influencer Tournament!",2021-12-16,3044827,79163555
I Got Hunted By The Military,2021-12-10,4260350,179693185
"$456,000 Squid Game In Real Life!",2021-11-24,16840156,491634919
I Cleaned The World’s Dirtiest Beach #TeamSeas,2021-10-29,5390340,108476707
"Last To Take Hand Off Lamborghini, Keeps It",2021-10-23,4391740,153722096
"First To Rob Bank Wins $100,000",2021-09-26,3962206,152276210
"Extreme $500,000 Game Of Tag!",2021-09-04,4231331,146068728
"Last To Leave Circle Wins $500,000",2021-08-31,6354714,334769579
I Got Hunted By The FBI,2021-08-07,4155915,177330672
"If You Can Carry $1,000,000 You Keep It!",2021-07-24,3410623,163519154
"Would YOU Quit School For $100,000?",2021-07-10,3293632,144574473
I Survived 50 Hours In A Maximum Security Prison,2021-06-26,3753307,205761295
"Hit The Target, Win $300,000",2021-06-12,3352737,151199565
Anything You Can Fit In The Triangle I’ll Pay For,2021-06-01,3135720,181548188
I Got Hunted By A Real Bounty Hunter,2021-04-24,3892884,172800736
"Extreme $100,000 Game of Tag!",2021-04-17,3507423,185598659
"Would You Sit In Snakes For $10,000?",2021-04-10,5067920,262141995
"I Bought The World's Largest Mystery Box! ($500,000)",2021-04-03,4813213,209434349
I Spent 50 Hours Buried Alive,2021-03-27,7989242,293621660
"Offering People $100,000 To Quit Their Job",2021-03-13,3133998,118811166
I Sold My House For $1,2021-03-06,3697743,140722880
"I Donated $300,000 To People In Need",2021-02-13,3027618,54008621
"I Ate $100,000 Golden Ice Cream",2021-01-22,5470386,220426660
I Bought Everything In 5 Stores,2021-01-09,5186401,151597279
"Youtube Rewind 2020, Thank God It's Over",2021-01-01,5040286,69301521
"I Put 1,000,000,000 Christmas Lights On A House (World Record)",2020-12-23,2749574,97196200
I Opened A Restaurant That Pays You To Eat At It,2020-12-19,4879354,166587662
"I Gave People $1,000,000 But ONLY 1 Minute To Spend It!",2020-12-15,6249287,178929519
"Steal This $100,000 Diamond, You Keep It",2020-11-28,3455237,192333702
"Press This Button To Win $100,000!",2020-11-14,4203863,270780882
I Survived 24 Hours Straight In Ice,2020-10-29,3843019,143785594
I Uber’d People And Let Them Keep The Car,2020-10-24,3712933,114929036
I Filled My Brother’s House With Slime & Bought Him A New One,2020-10-10,3704401,197222926
Hi Me In 5 Years,2020-10-04,6294652,109896178
"Would You Rather Have A Giant Diamond or $100,000?",2020-09-26,2653043,140967712
"I Gave My 40,000,000th Subscriber 40 Cars",2020-09-19,4149888,149137682
Why I Haven’t Been Uploading,2020-09-17,2718779,54077396
"Get This Random Person 1,000,000 Subscribers",2020-09-05,2473977,73801021
Would YOU Rather Have A Lamborghini or This House?,2020-08-22,3519817,175096077
"Last To Leave $800,000 Island Keeps It",2020-08-15,5183606,227893691
I Bought A Private Island,2020-08-13,3709557,149870539
"I Spent $1,000,000 On Lottery Tickets and WON",2020-08-08,3141023,120805242
I Ate The World’s Largest Slice Of Pizza,2020-08-01,4084332,218789799
I Adopted EVERY Dog In A Dog Shelter,2020-07-23,4730515,211185090
"I Bought The World's Largest Firework ($600,000)",2020-07-03,5014887,198269417
I Broke Into A House,2020-06-25,3333398,142452361
"Would You Rather Have $100,000 OR This Mystery Key?",2020-06-13,3362509,170562264
I Built The World's Largest Lego Tower,2020-06-06,3186318,151599722
I Spent 50 Hours In Solitary Confinement,2020-05-30,4745589,291890074
If You Click This Video I'll Give My Friend .001$,2020-05-23,6933859,191750516
"I Gave $200,000 To People Who Lost Their Jobs (Corona Virus)",2020-05-07,1404127,44398272
Videos I Could Not Upload...,2020-04-30,3710478,138274191
I Spent 24 Hours In A Doomsday Bunker,2020-04-11,3041472,182919268
"Giving $1,000,000 Of Food To People In Need",2020-03-27,1858394,54148201
I Ran A Marathon In The World's Largest Shoes,2020-03-21,3286001,142709884
"$70,000 Extreme Hide And Seek - Challenge",2020-03-13,2547022,126137484
Anything You Can Fit In The Circle I’ll Pay For,2020-03-07,4873162,253687189
"I Ate A $70,000 Golden Pizza",2020-02-29,4116570,227272354
"Lamborghini Race, Winner Keeps Lamborghini",2020-02-08,2557212,124791940
I Gave My Credit Card To Random People,2020-02-01,3810798,167533511
I Went Back To Boy Scouts For A Day,2020-01-25,2172638,111725446
"$60,000 Extreme Hide And Seek - Challenge",2020-01-17,2658212,143395792
"How I Gained 15,000,000 Subscribers In 1 Year",2020-01-03,895224,18829869
Important Youtube Announcement (please watch),2019-12-28,2445690,36082737
"Giving 10,000 Presents To Kids For Christmas",2019-12-23,2822068,62273855
"Spending $1,000,000 In 24 Hours",2019-12-21,4330485,168509642
"Last To Take Hand Off $1,000,000 Keeps It",2019-12-19,3252779,128876782
"Last To Stop Riding Bike Wins $1,000,000 (Part 4)",2019-12-14,1416601,60482918
"Last To Leave Toilet Wins $1,000,000 (Part 3)",2019-12-07,1802238,89371946
I Ordered Pizza And Tipped The House,2019-12-05,4124691,130221598
"Last to Stop Swinging Wins $1,000,000 (Part 2)",2019-11-30,2155790,117070595
"$50,000 Game Of Extreme Hide And Seek - Challenge",2019-11-28,2910830,144724693
I Opened A FREE BANK,2019-11-23,2760717,104623459
"Going Around A Ferris Wheel 1,000 Times Straight",2019-11-16,2354074,103934395
"Last To Fall Wins $1,000,000 (Part 1)",2019-11-14,2927711,144666950
Surviving 24 Hours Straight In The Bermuda Triangle,2019-11-09,3941680,208177819
"I Spent $100,000 On Lottery Tickets And Won!",2019-10-31,1261772,48270359
"Planting 20,000,000 Trees, My Biggest Project Ever!",2019-10-25,4345321,97119965
"Last To Take Hand Off Boat, Keeps It",2019-10-19,2013187,117994848
"I Searched 100 Dumpsters, Here's What I Found",2019-10-12,2648757,164774262
"Going Through The Same Drive Thru 1,000 Times",2019-10-05,4661806,241351854
"Donating $100,000 To Random Streamers",2019-09-28,1788967,59075846
Surviving 24 Hours Straight In A Rain Forest,2019-09-21,2444343,120445898
"Last To Leave Ramen Noodle Pool Wins $20,000",2019-09-13,1482397,68182797
"Anything You Can Carry, I'll Pay For #2",2019-09-06,1504402,68390960
"I Gave My Brother 24 Hours To Spend $100,000",2019-08-31,2356916,90931670
I Opened A Free Car Dealership,2019-08-29,3359657,131917348
"Last To Leave Pool Of $20,000 Keeps It",2019-08-24,3086310,160143846
Surviving 24 Hours On A Deserted Island,2019-08-22,3299880,174386200
"Last To Leave Roller Coaster Wins $20,000 - Challenge",2019-08-17,2860146,141424766
I Won Every Prize At A Theme Park,2019-08-15,2854950,159173673
Destroying My Friend's Car And Surprising Him With A New One,2019-08-10,2694102,103017311
I Spent 24 Hours Straight At Area 51,2019-08-02,3537089,149238727
"Can 50,000 Magnets Catch A Cannon Ball?",2019-07-20,2032213,110540912
World's Largest Game Of Dodgeball,2019-07-12,1561170,75509319
"Last To Leave Revolving Door Wins $50,000",2019-07-02,3414932,145101081
Tipping Waitresses With Real Gold Bars,2019-06-21,1768027,67539585
I Opened The World's First FREE Store,2019-06-15,2228229,82837684
Spending 24 Hours On Top Of A Mountain,2019-06-13,3399073,171377452
"Last To Leave VR Wins $20,000",2019-06-08,3024437,142437675
"Last To Stop Running Wins $20,000",2019-06-06,2227036,108281961
"Paying People $10,000 To Eat Ghost Pepper",2019-06-01,1120884,40028819
24 Hours In The Most Haunted Place On Earth,2019-05-30,2762733,117193160
I Bought Everything In A Store - Challenge,2019-05-18,4156292,143970654
World's Largest Bowl Of Cereal,2019-05-15,2870031,178473465
Spending 24 Hours In A City With No Laws,2019-05-07,2669168,149399868
"Giving $10,000 To Random People And Saying Nothing",2019-04-30,1738351,74304563
Molten Lava Vs Giant Ice Block Experiment,2019-04-27,1791532,91780773
"Anything You Can Carry, I'll Pay For Challenge",2019-04-20,1721890,86804216
Homeless Man Buys A Lamborghini,2019-04-18,3719780,149755613
Playing Battleship With Real Ships,2019-04-06,1009827,37426924
"Donating $100,000 To Shroud In Real Life",2019-04-04,880849,31969544
"Last To Leave The Tesla, Keeps It Challenge",2019-03-29,1891246,105339974
"Donating $100,000 To Streamers With 0 Viewers",2019-03-24,3152094,90189662
Surviving 24 Hours Straight In A Desert,2019-03-16,2778781,135148429
"$200,000 Youtuber Battle Royale",2019-03-12,1655547,47966031
Surprising Strangers With 100 Zombies - Experiment,2019-03-03,1780554,59467082
I Gave A Homeless Man A Home,2019-02-28,2099436,76553974
Standing Still For 24 Hours Straight - Statue Challenge,2019-02-22,1830430,100140127
Giant Monopoly Game With Real Money,2019-02-15,2204440,100839477
I Spent 24 Hours Straight In Insane Asylum,2019-02-10,2199584,109971993
I Advertised Pewdiepie At The Super Bowl,2019-02-04,1260415,43710186
I Went Back To 1st Grade For A Day,2019-01-31,3124316,179532956
I Opened The World’s Cheapest Store,2019-01-26,1150483,41099673
I Put 10 Million Legos in Friend's House,2019-01-18,1529067,90165345
Make This Video The Most Liked Video On Youtube,2019-01-16,27928053,138437198
"20,000 Magnets Vs A Car",2019-01-14,770654,33504581
"Eating A $10,000 Golden Steak (24k Gold)",2019-01-11,2270749,138772472
Last To Take Hand Off House Keeps It!,2019-01-08,1521436,82833466
"I Gave Him One Hour To Spend $100,000!",2019-01-01,1470771,71730277
"How I Gave Away $1,000,000",2018-12-25,492735,14403502
"Giving $100,000 To A Homeless Person",2018-12-23,1030083,31128156
I Spent 24 Hours Straight In Prison - Challenge,2018-12-19,2036833,110266377
Donating $10000 To Pewdiepie,2018-12-16,1741575,46818900
"Last Youtuber To Leave Wins $100,000 - Challenge",2018-12-12,2079214,95382047
I Put Millions Of Pennies In My Friends Backyard,2018-12-08,2441842,142315990
Surprising TFue With A Fortnite Battle Bus In Real Life,2018-12-07,1876070,99708320
I Built A Giant House Using Only Legos,2018-12-02,1046138,64015630
"Last To Leave Slime Pit Wins $20,000 - Challenge",2018-11-30,2178892,125044788
"Saying Pewdiepie 100,000 Times",2018-11-25,1686653,25646707
Destroyed Friend's House And Bought Him A New One,2018-11-24,1130488,42924374
I Put 100 Million Orbeez In My Friend's Backyard,2018-11-22,4632416,187352142
"Spending $40,000 In One Hour Challenge",2018-11-17,932869,44051346
"Giving My 10,000,000th Subscriber 10,000,000 ___",2018-11-13,791484,28569293
"$10,000 Games Of Rock Paper Scissors",2018-11-04,515311,18334649
"Last To Remove Hand, Gets Lamborghini Challenge",2018-11-02,1613106,86385453
"You Pick The Right Cup, You Win $100,000!",2018-10-28,982629,35990839
I Bought Every Billboard In My City For This,2018-10-26,1332714,38544435
"Ordering Water Then Tipping $30,000",2018-10-23,1156514,43306590
"I Spent $50,000 On Lottery Tickets And Won ____",2018-10-19,750447,30999790
"Last To Leave Circle Wins $10,000 - Challenge",2018-10-12,1549271,89605061
I Spent 24 Hours Straight In Slime,2018-10-09,917653,41147730
"Surprising Tfue With $10,000 Live - Fortnite",2018-10-04,1513731,72109302
"I Spent $30,000 On Lottery Tickets And Won ____",2018-09-28,425392,17046867
Flat Earth PROVEN By Independent Research,2018-09-22,800350,28054747
Things That SHOULDN'T Be Sold On Amazon,2018-09-21,2126802,135425380
"Surprising My 8,000,000th Subscriber With 8,000,000 ___",2018-09-19,557671,34624844
"I Donated $25,000 To Random Kids Streaming Fortnite",2018-09-14,1307784,63527893
I Hope This Magic Trick Works,2018-09-11,725250,42940025
Can A Glowing 1000 Degree Sword Slice A Car In Half?,2018-09-06,1149518,69122500
Rocket League In Real Life!,2018-09-01,546771,28404721
Destroying My Friend's Car And Surprising Him With A New One - Slime,2018-08-28,2368646,109156001
Spending 24 Hours Straight Under Water Challenge,2018-08-24,3344583,132078156
"Attempting The Impossible Maze - $10,000 Challenge",2018-08-15,1018622,56214222
"Donating $100,000 To A Random Fortnite Streamer",2018-08-05,1099335,51866665
Moving 10 Pounds Using ONLY Sound,2018-08-02,1214599,44836756
Returning Destroyed Rental Cars Prank,2018-07-27,616924,36540146
"I Gave My 6,000,000th Subscriber 6,000,000 ____",2018-07-25,397609,17596264
"Can 1,000 Fans At Max Speed Push A Car?",2018-07-17,625121,28525158
"I Donated $50,000 To Ninja - Fortnite",2018-07-14,2142836,96382567
I Ubered Random People In A Tank,2018-07-11,875423,29835074
World's Hottest Substance Vs Coldest Substance,2018-06-30,1609000,87076247
The Real Way Dinosaurs Went Extinct,2018-06-28,800258,28624887
I Donated $1000 Every Time She Blinked - Fortnite Streamers,2018-06-24,641199,21515040
I Built A Working Car Using Only LEGOS,2018-06-23,1672231,74164865
Do Water Repellent Shoes Actually Work?,2018-06-22,1914970,123600476
"We Drove 3,000 Miles For The World's Best Burger",2018-06-09,1218402,52858225
"I Gave My 5,000,000th Subscriber 5,000,000 ______",2018-06-08,294433,11200412
I Made Money Grow On Trees,2018-06-01,436116,17186572
I Took Apart My Friends Car And Put It In His Room,2018-05-25,315648,15675119
How Many Rubber Bands Does It Take To Snap A Safe?,2018-05-22,921040,36957435
Pulling Cars Over Using A Toy Police Car,2018-05-13,549150,24508745
"I Gave $500,000 To Random People",2018-05-11,454481,14990357
How Many Toy Cars Does It Take To Pull A Real Car?,2018-05-04,765769,40761647
"I Gave $20,000 To People From An Ice Cream Truck",2018-05-02,348630,14657886
$10000 Ice Sculpture Vs Flame,2018-05-01,507319,23611298
"Can 1,000 Rolls Of Duct Tape Stop A Car??",2018-04-30,551601,26704656
Winning A Game Of Fortnite In The Middle Of The Ocean,2018-04-25,789785,31197154
I Flew Using Only Balloons AND Leaf Blowers,2018-04-23,658390,32430960
"I Donated $40,000 To A Random Twitch Fortnite Streamer (world record)",2018-04-21,630412,24254763
Destroying My Friend's Car And Surprising Him With A New One,2018-04-13,628107,38626500
Walking Up To Random People With 100 StormTroopers,2018-04-11,499676,19252578
"I Donated $10,000 If They Said This Word (Twitch Streamers)",2018-04-04,558233,19987145
"Giving My 4,000,000th Subscriber 4,000,000 Cookies",2018-04-02,344924,13155157
"I Tipped Waitresses $20,000",2018-03-30,353788,14665023
Walking Into Random Stores With 100 Dinosaurs,2018-03-22,893926,32584586
I Built A Mansion Using Only Cardboard Boxes,2018-03-20,576755,25518666
Breaking Glass Using Only Megaphones,2018-03-17,1416626,53717867
Tying My Shoes In Every State (World Record),2018-03-16,441446,17627379
"I Dropped $20,000 From A Drone",2018-03-08,249681,7726532
"Donating $10,000 To Fortnite Streamers If They Win",2018-03-03,274822,11305184
Trying To Fly Using Only Leaf Blowers,2018-03-01,431527,18264284
"Giving 3,000,000 Pennies To My 3,000,000th Subscriber",2018-02-22,234410,8690712
"I Donated $30,000 To My Favorite Twitch Streamer (ninja)",2018-02-21,864817,36629489
"I Gave $20,000 To Random Homeless People",2018-02-17,1327747,47329923
I Bought An Expensive Car Using Only $1 Bills,2018-02-13,1082099,37172151
I Bought The World's Most Expensive Apps ($10k),2018-02-08,770371,26950778
We Delivered 100 Pizzas To Random Houses,2018-02-02,228656,9097403
"I Donated $30,000 To A Random Twitch Streamer (world record)",2018-01-28,1058184,32655757
I Bought A Car Using Only Pennies,2018-01-25,722487,26331970
I Bought One Snickers Bar From Every Walmart,2018-01-13,1127058,44347229
Donating Big Donations To Twitch Streamers!!!,2018-01-11,582218,27532697
I Can't Believe I Found This Stuff On Amazon..,2017-12-22,1203901,30707032
"Saying ""Keep Net Neutrality"" For 10 Hours",2017-12-17,81017,2192301
Life Hacks You Need To Know,2017-12-08,203448,7322167
"Can 100,000 Pieces Of Paper Stop A Bullet?",2017-12-06,486405,25869186
"Giving My Mom $100,000 (Proudest Day Of My Life)",2017-12-02,1511113,30896232
"2,256 Miles In One Uber Ride (World Record)",2017-10-28,1096641,42124183
i'm really sorry,2017-10-26,205451,5754140
Hi Me In Two Years (Made Two Years Ago),2017-10-04,604230,13514976
What Actually Happens When You Click On Spam Ads,2017-10-01,154148,3786837
"Tipping Uber Drivers $10,000",2017-08-30,127713,4592550
Going To The Connor McGregor fight!,2017-08-28,231105,6022606
"Tipping Pizza Delivery Guys $10,000",2017-08-23,695081,22081779
"Microwaving my iPhone, what happens next might shock you..",2017-08-20,123783,2715658
"Saying Logan Paul 100,000 Times",2017-08-19,924852,22965721
"Donating $10,000 To Random Twitch Streamers",2017-08-15,226607,10770498
Breaking The Law,2017-07-09,839674,31862721
"Giving Homeless People $1,000 (Not Clickbait)",2017-06-28,225710,6460256
We Are Better Than Dude Perfect,2017-06-24,660172,25690573
Every Challenge I've Ever Done,2017-06-23,28162,864398
Watching It's Everyday Bro For 10 Hours Straight,2017-06-17,825118,27945415
"Giving A Random Homeless Man $10,000",2017-06-15,539892,10713347
Toothpaste Life Hacks YOU SHOULD KNOW,2017-06-13,506793,19704696
"Reading The Longest English Word (190,000 Characters)",2017-06-02,800497,34812439
Fidget Spinner Vs Face (Legit Had To Get Stitches),2017-05-02,1624113,41718215
Grilling A Microwave Microwaving A Microwave Microwaving A Toaster Toasting An Iphone Watching Micro,2017-03-30,70380,2014271
#1 MOST INSANE MAGNET LIFE HACK EVER,2017-03-24,530342,26208527
Watching Dance Till You're Dead For 10 Hours,2017-03-21,2574060,52512238
I Can't Break My Strange Addiction,2017-03-19,94350,1833681
OMG! INSANE CUP FORT,2017-03-14,96621,4092293
Savage Level 9000,2017-03-08,321910,7242283
Reading The Youtube Terms Of Service,2017-03-07,18972,518612
Reacting To The Reaction Of The Reaction To The Reaction Of The Reaction Of The Reaction To The Reac,2017-02-22,325325,7630385
"Counting To 200,000 (Road To A Mil)",2017-02-18,149126,3777328
Microwaving Dry Ice (Microwave Explodes),2017-02-09,97150,3309348
"I Counted To 100,000!",2017-01-09,1391049,28982111
we are number one but every one is a bad intro,2016-12-25,56436,1956240
Microwaving A Microwave Microwaving A Toaster,2016-12-23,88318,4869056
HOW TO UNLOCK ANY IPHONE WITHOUT THE PASSCODE,2016-12-21,585636,22890843
WHY DO THEY SELL THIS ON AMAZON?,2016-12-18,725621,8690631
Microwaving A Microwave,2016-12-09,432289,11293573
IF YOU ONLY SEE ORANGE YOU'RE COLOR BLIND,2016-12-05,93771,1788167
I Mailed Myself IN A BOX & it REALLY WORKED! (Human Mail Challenge),2016-11-30,455148,16192177
STUPIDEST PERSN ON EART (Really Dumb),2016-11-28,186530,2498641
"Reading The Entire Bee Movie Script But Everytime They Say ""Bee"" I Repeat All the Previous Bees",2016-11-25,217194,10860857
THE WORST THINGS EVER TO EXIST,2016-11-19,330859,3715315
BLOWING UP $1000 KEYBOARD *RIP WALLET*,2016-11-11,229759,3839535
MY $1000 KEYBOARD CHANGED MY LIFE,2016-11-03,358958,13375901
I BOUGHT A 1000$ KEYBOARD,2016-10-25,37405,1557061
IF ONLINE ADS WERE REAL,2016-10-16,587797,9846375
IT FINALLY CAME IN THE MAIL,2016-10-10,10219,284424
Bleach Bottle Flips (COP CALLED),2016-10-09,55218,1201507
Hi Me In A Year (Scheduled Uploaded A Year Ago),2016-10-04,48766,1459609
Epic New Gaming And Youtube Setup 2016,2016-09-30,14098,375742
24 HOUR EXPLOSION GIVEAWAY! WIN GIFTCARDS,2016-09-05,31947,696035
LISTENING TO OLD VOICEMAILS FOR THE FIRST TIME,2016-08-28,10344,309152
GAMBLING MONEY WITH SCRATCH OFF TICKETS,2016-08-26,58892,3015833
BEST WALMART TOILET PAPER FORT,2016-08-24,51256,1448449
100 LAYERS OF SARAN WRAP + TOILET PAPER!!,2016-08-23,137959,3226206
WORST REVIEWS ON AMAZON #4 *FUNNY*,2016-08-21,126599,1644197
HOW MUCH MONEY DO YOUTUBERS MAKE?,2016-08-14,153336,3082488
THE WORST SONG ON YOUTUBE *CRINGE*,2016-08-08,41698,804803
SURPRISING MY BROTHER WITH A LAPTOP,2016-08-07,115494,1637427
"SELLING ORGANS FOR $1,000,000",2016-08-02,122822,3558969
POKEMON GO STEREOTYPES,2016-07-14,64132,2212331
"100,000 SUBSCRIBERS.EXE",2016-07-08,74593,1272510
WORST REVIEWS ON AMAZON #2 HOW IS THIS LEGAL?,2016-07-02,46288,1175065
BLOWING UP MY TABLET,2016-07-01,6940,156496
Worst Reviews On Amazon #1 (Minecraft Edition),2016-06-26,17121,703001
WORST THUMBNAILS ON YOUTUBE #3,2016-06-21,33626,824374
REACTING TO MY OLD MINECRAFT VIDEOS (HORRIBLE),2016-06-19,35785,1308726
HOW TO MAKE A GOOD INTRO FOR YOUTUBE,2016-06-14,5733,170874
WORST BANNERS ON YOUTUBE #1,2016-06-13,18315,645137
"50,000 Subscribers.exe",2016-06-11,16815,384471
Dude Perfect 4.0 - We Are Totally Better,2016-06-06,12630,405284
CUTTING TABLE IN HALF WITH PLASTIC KNIVES,2016-06-04,164767,3651098
BEST INTROS ON YOUTUBE #1,2016-06-01,808716,27710735
Motivation For Youtubers #6 LAST ONE,2016-05-24,5287,123765
How Many Licks Does It Take To Get To The Center Of A Tootsie Pop?,2016-05-19,11643,361279
Motivation For Youtubers #5,2016-05-15,7611,161523
18th Birthday QNA - Mom's Hair Dryer Age?,2016-05-07,13906,328386
WORST MEMES AND TRENDS ON YOUTUBE!,2016-05-01,12599,620935
Cereal Commentary,2016-04-28,4502,120813
WHERE IS MY COOKIE?????,2016-04-24,11426,101778
"How Much Money Do Big Youtubers Make? (Pewdiepie, Markiplier, etc)",2016-04-22,3978,93911
Struggles Of Being A Youtuber,2016-04-19,4396,105290
Reenacting Youtubers,2016-04-16,6263,147161
Life Before And After Gamma (Insane) @GFuelEnergy,2016-04-13,1559,37262
Worst Thumbnails On Youtube #2 - Cringe,2016-04-10,9869,268859
Motivation For Small Youtubers #4 - Inspiration For Youtubers,2016-04-08,6336,119196
Scheduled Uploaded 6 Months Ago (REACTION),2016-04-06,4488,117705
Dude Perfect 3.0 - We Are Better,2016-04-04,21144,676570
Dear Future Me (Scheduled Uploaded 6 Months Ago),2016-04-04,126725,2077381
$100 GIVEAWAY PRANK (NO WEAPONS INVOLVED),2016-04-03,1519,52797
GIVING AWAY $100 ITUNES GIFT CARDS,2016-04-01,3561,109397
Walking Dead Daryl DIED (Fan Reaction To Death),2016-03-28,3416,134942
Why Do Youtubers Ask For Likes?,2016-03-27,11487,161060
Making My Background More Epic,2016-03-26,1906,41992
Doing Youtube For Fun Or Views?,2016-03-23,1946,41185
Pranks That Went Horribly Wrong,2016-03-19,89578,2052905
Who Founded Faze? Who Created Faze Clan?,2016-03-18,72954,2014261
Subscriber Goals For 2017,2016-03-09,2375,61300
"20,000",2016-03-08,4872,139318
The Dreaded Unanswerable Question,2016-02-29,3217,98939
WORST THUMBNAILS ON YOUTUBE,2016-02-28,23342,548726
Beast Goes Camping (Didn't Go Wrong) (Didn't Go Sexual),2016-02-20,3641,124738
NBA Interviews Gone Wrong (No Gun Pulled),2016-02-20,1640,48619
Movie Trailers Be Like,2016-02-15,3884,84360
What Is Youtube Red? Should I Buy Youtube Red?,2016-02-10,3404,86757
Things I Hate #2 - Youtube Edition,2016-02-09,7029,149803
Super Bowl Commercial 2016 Cost - How Much Does A Commercial Cost In 2016 Super Bowl?,2016-02-07,2153,73689
Counting To 10000 In One Sitting,2016-02-01,706440,64243881
HOW TO MAKE A VIRAL PRANK VIDEO 100% LEGIT,2016-01-26,5210,125261
Is Obama Dead? Dumb Google Searches!,2016-01-24,4480,215107
How To Be MrBeast (Made By Really Old Subscriber),2016-01-23,2587,57805
Should You Play Video Games?,2016-01-22,3827,76488
School Is A Waste Of Time,2016-01-21,5298,113693
Is Michael Bay My Dad????????,2016-01-18,2077,63314
Lottery Taxes - How Much Tax Is If You Win The Lottery,2016-01-16,3235,119370
Motivation For Small Youtubers #3,2016-01-12,8283,150622
Giving Away Two $15 Gift Cards (forgive me boyz),2016-01-10,2369,40409
Do Dislikes Matter On Youtube - Are Dislikes Bad Or Good?,2016-01-07,23679,363210
How To Get Active Subscribers On Youtube? Tips 2016,2016-01-05,3968,77645
Reaction Channels Are Stupid??????? #JCTG,2016-01-05,1805,57188
Goodbye Laptop,2016-01-01,6449,146522
2015 Year Highlights,2015-12-30,2065,55424
MrBeast Rest In Pepperoni 6000,2015-12-27,5645,209539
How To Think Of Good Video Ideas (Tips),2015-12-26,6811,100733
Whats That Song Name?,2015-12-24,7306,182036
The Anti-Beast (R.I.P. Beast),2015-12-23,17971,544713
"Reacting To Family Accounts (MamaBeast, MrBeast'sLaptop, Etc)",2015-12-22,20134,919464
Do Youtubers Pay Taxes????? (USA),2015-12-19,3915,90654
Why Does This Video Have No Thumbnail?,2015-12-15,3445,71918
How To Make Illuminati Confirmed Videos Like Peladophobian,2015-12-12,4137,181251
Totally 100% Real Epic Ping Pong Trickshots,2015-12-11,3615,65057
Exams Be Like,2015-12-10,9419,263844
How Many People Have A Silver Play Button????,2015-12-08,8018,238995
How To Get More Views And Subscribers On Youtube (2016),2015-12-03,2897,57728
Should You Do COD Commentaries In 2016????,2015-12-02,1168,41723
THINGS I HATE #1,2015-12-02,13538,374122
Worst MrBeast6000 Intros?? (Fan Made!),2015-11-30,13006,468662
Dear Razer Can I Have My 70$ Back?????,2015-11-29,352587,7532825
"How Many People Get The Golden Play Button? (1,000,000 Subscribers)",2015-11-28,3163,112023
"Spam404 Has Terminated 5,000,000 Videos (Including Pewdiepie)",2015-11-26,2487,99047
MrBeast6000's First Video (So Bad lol),2015-11-19,538660,13689907
The Evolution Of My Youtube Banners,2015-11-18,2032,58753
"Shark Tank Most Successful Products, Entrepreneurs, Or Businesses 2015",2015-11-08,1119,135941
PSYCHO FRIEND SMASHES MY LAPTOP! (Mc Juggernuggets Parody),2015-11-06,9868,232800
FREE TO USE BO3 GAMEPLAY - 1080p,2015-11-03,1558,44487
Double Agent (Short Film),2015-11-01,4867,119962
YOU ONLY DO YOUTUBE FOR VIEWS,2015-10-29,2918,59474
"10,000 QNA With MUM",2015-10-29,12419,268771
Why I Stopped Playing Video Games - Video Game Commentary,2015-10-25,1498,53254
YOUTUBE RED STEALS CONTENT CREATORS MONEY? What Is Youtube Red?,2015-10-21,2066,44954
Millions Of Views!,2015-10-18,18903,550307
"How To Get 1,000 Subscribers On Youtube - Vlogs Gaming",2015-10-15,3868,76990
High School Education Be Like (Paying Taxes),2015-10-14,1578,41901
I Got Bored Of Studying So This Happened,2015-10-13,14518,443251
Best Microphone For Youtube (Gaming Commentaries Vocals Singing Podcast),2015-10-11,1420,37909
9k Subs - Channel Talk,2015-10-10,3174,85002
How Much Money Does Bill Gates Make / Have - Billionaire,2015-10-09,3043,90309
MrBeast6000's Channel Trailer,2015-10-08,125329,1558889
Best Non-Copyrighted Songs For Videos! (Intros Vlogs Gaming Trailers) 2016,2015-10-05,2250,68087
Is Being A Youtuber Hard? Is Being A Youtuber Worth It?,2015-10-04,3599,76477
Best Green Screen Lighting Ever? (Joking Obviously),2015-10-03,7695,280875
How Do Youtubers Make Money? How Do Youtubers Get Paid?,2015-09-29,2842,77816
Increase Youtube Views 2015! COMMUNITY CHANNELS - Boosting Youtube Views,2015-09-27,1322,37081
Originality - A Youtube Poem By MrBeast6000,2015-09-26,1623,37559
Stupid Things People Search On Google,2015-09-25,73187,1358025
"Ad Blocker For Chrome and Mobile, Should You Use It?",2015-09-23,3009,74852
PC Master Race Vs Console Peasants,2015-09-21,2108,43348
Shia Labeouf Motivates Youtubers!,2015-09-19,6768,213191
Knives In Video Games Cost More Than Real Life????,2015-09-18,1895,50684
"Why I Sold My PS4, Not A Gaming Channel???",2015-09-18,1873,43090
Selling PS4 For $250 + Elgato For $100!,2015-09-16,1257,38726
Do Tags Do Anything On Youtube?????,2015-09-13,4366,99475
Bronze And Platinum Play Buttons?????,2015-09-13,23061,739544
7k SUBS! Smashing Ghost + AW! Plus Channel Talk!,2015-09-09,2659,60957
Exility vs Dr.Pineapplez - Misleading Contest!,2015-09-08,4187,42328
6 Uses For Your Advanced Warfare Disk!,2015-09-07,1464,37114
MrBeast’s Outro Song,2015-09-05,381011,8294938
Watching Video Games Is A Waste Of Time????,2015-09-05,1296,37542
"Pewdiepie's Shoutout, What Would You Do If You Won?",2015-09-05,1893,44524
How I Will Survive The Zombie Apocalypse!,2015-08-31,6506,215268
How Much Money Do Youtubers Make? Real Numbers!,2015-08-30,7453,249216
HONEST Shout Out Sunday! Free Subscribers!,2015-08-30,1315,37294
Social Media As A Job????,2015-08-29,1485,37493
Airplane Pilots Last Words Before Death,2015-08-28,2217,112655
How Much Do T.V. Commercials Cost?????,2015-08-28,1124,37773
How To Tweet When You're Dead! DEADSOCIAL Facebook And Instagram Also!,2015-08-27,1399,37540
My Favorite FaZe Clan Members?????,2015-08-26,1588,41789
MrBeast6000Subs,2015-08-23,48220,713511
"Youtube Networking - Aka Fake Likes, Subs, And Comments",2015-08-21,2123,37764
I Hate Youtubers That Ask For Likes,2015-08-20,9156,155049
My Mom Found My Channel!! :0,2015-08-20,24088,666898
1080p FREE TO USE BLACK OPS 3 GAMEPLAY,2015-08-19,1527,62810
"Black Ops 3 First Impressions, My First Game",2015-08-19,1234,37284
Dogs Opinions On Youtubers Getting BO3 Early,2015-08-18,2296,65448
BO3,2015-08-18,21197,715084
Xbox One Destroyer? COD Advertisement Is Free,2015-08-18,1258,37250
What Is Yanet Actually Thinking?????,2015-08-17,2562,126070
Modern Art Is A Joke,2015-08-15,1727,48525
5 Steps To Becoming Successful On Youtube!,2015-08-14,2682,59915
Time,2015-08-13,1684,62088
Beast $500ish Youtube PC Great For Making Videos!,2015-08-12,1285,60480
"5,000 Hype",2015-08-11,2794,114154
What Is Crohns Disease?????,2015-08-10,5835,202822
Leaving For 7 Days,2015-08-09,1169,41090
Motivation For Youtube - Ultimate Small Youtuber Motivation #2,2015-08-08,5437,131999
Should I Buy An Elgato Game Capture??,2015-08-07,1221,37397
Fanboy Opinions On Black Ops 3,2015-08-06,921,37095
Big Channel's Starting Over???,2015-08-05,1060,38464
SAT And Some Random Stuff,2015-08-04,1111,37290
How Many Youtubers Are Millionaires???,2015-08-04,1597,85721
Always Changing My Name? Mr.Beast or MrBeast6000,2015-08-03,3919,152379
How Much Youtube Money Do I Make???,2015-08-03,9063,366794
Am I Ian From Smosh????,2015-08-02,9610,639874
How Do You Turn Off A PS4? Xbox Noob In Need Of Help,2015-08-01,1699,75568
"New Optic Gaming Gear Coming To Advanced Warfare, My Thoughts",2015-08-01,1235,37327
Youtube Collabs? Collabbing with Mr.Beast?,2015-08-01,1735,77140
Sacrifices And Youtube,2015-07-31,1934,38801
5$ To Advertise Your Youtube Channel???,2015-07-31,2548,123468
Reuploading Other Youtubers Videos? Stealing Big Youtubers Videos.,2015-07-30,928,37631
4k Subscriber's! First Channel Story!,2015-07-30,2566,76816
People Who Got Rich From Movie Trailers On Youtube,2015-07-29,1324,73883
Beast Gaming Set Up #almost4k,2015-07-29,1998,62400
Advanced Warfare DLC 4 Honest Parody,2015-07-29,1236,37110
World's Worst Thieves,2015-07-28,1736,68302
VANOSSGAMING IS IN TROUBLE,2015-07-27,3616,220450
SpiderMan Robs Walmart?????,2015-07-26,1113,37179
My Upload For ThunderstruckGaming,2015-07-25,982,37162
Best FNAF 4 Fake Reactions! So Funny lol,2015-07-25,2386,73199
How Many People Get The Diamond Play Button?????,2015-07-25,17826,1759115
Supply Drops For Charity! Ep #2,2015-07-24,1538,37103
Best Thing To Happen To This Channel?????,2015-07-23,1457,41552
Supply Drop Challenge For Charity,2015-07-22,1664,37345
FaZe Clan Vs Pewdiepie Who Would Win?????,2015-07-21,1008,46655
"FaZe Adapt ""Stuttertage""",2015-07-20,2803,88809
The COD Community? Sleeping With Your Mom?,2015-07-19,1371,39025
Exility And Some Other Stuff - Update Vid,2015-07-18,11333,47847
Every Minecraft Let's Play Ever In Under A Minute,2015-07-16,3201,97991
Why I deleted Today's First Upload,2015-07-16,1293,49157
What Is Spam404?????,2015-07-15,945,40690
The History Of Pewdiepie In 2 Minutes,2015-07-14,6483,204079
TWITCH STREAMERS REACT TO RECEIVING THOUSANDS FROM SAME GUY!,2015-07-13,1994,205066
I Hate Spam On Youtube,2015-07-12,1297,37315
